name,region_raw,price_raw,difficulty_raw,detail_url,scraped_at
꼬레아 우라,홍대,"28,000원",3.6,https://bangdojang.com/theme/cms7sew69001a4mpc54xuj4ue,2026-09-28 11:23:31
머니머니 부동산,강남,"34,000원",3.6,https://bangdojang.com/theme/cms7sew65000l4mpcj0p1xz2w,2026-09-28 11:23:31
FILM BY BOB(필름 바이 밥),강남,"35,000원",3.1,https://bangdojang.com/theme/cms7sexbc01r84mpcc36q0434,2026-09-28 11:23:31
생존자_유명호 씨의 진술,건대,,,https://bangdojang.com/theme/cms7sew65000t4mpcid48h9p4,2026-09-28 11:23:31
사람들은 그것을 행복이라 부르기로 했다,강남,"28,000원",3.4,https://bangdojang.com/theme/cms7sew65000o4mpcxyrn8bso,2026-09-28 11:23:31
NOSTALGIA VISTA(노스텔지아 비스타),강남,,,https://bangdojang.com/theme/cms7sewk300db4mpca2zqb1tc,2026-09-28 11:23:31
FILM BY STEVE(필름 바이 스티브),강남,"34,000원",3.5,https://bangdojang.com/theme/cms7sexbc01ra4mpc5tjb9gnl,2026-09-28 11:23:31
용하다 용해!! 용팔도령,강남,"35,000원",2.5,https://bangdojang.com/theme/cms7sewf700934mpchrsphotk,2026-09-28 11:23:31
그림자 없는 상자,강남,"27,000원",2.9,https://bangdojang.com/theme/cms7sew65000p4mpc9o82f2yu,2026-09-28 11:23:31
섀도우,홍대,"28,000원",2.6,https://bangdojang.com/theme/cms7sew6c002s4mpccu0d3r9l,2026-09-28 11:23:31
투투 어드벤쳐,강남,"35,000원",3.0,https://bangdojang.com/theme/cms7sewf6007a4mpc7pcykvrd,2026-09-28 11:23:31
"바야흐로, 여름이었다",건대,"30,000원",3.2,https://bangdojang.com/theme/cms7sex6601ib4mpcu1hgkrg1,2026-09-28 11:23:31
버디,강남,"29,000원",1.7,https://bangdojang.com/theme/cms7sew65000w4mpcqg3e5cfo,2026-09-28 11:23:31
AYAKO,강남,"35,000원",2.2,https://bangdojang.com/theme/cms7sexbc01r24mpcyfsqwj1j,2026-09-28 11:23:31
머니머니패키지,강남,"30,000원",3.5,https://bangdojang.com/theme/cms7sewn800ib4mpcffsa38d4,2026-09-28 11:23:31
BACK TO THE SCENE+(백 투 더 씬+),강남,"28,000원",3.0,https://bangdojang.com/theme/cms7sewn800i94mpcp9slu6pd,2026-09-28 11:23:31
FOR FREE(포 프리),강남,"32,000원",3.2,https://bangdojang.com/theme/cms7sewn800ia4mpcno1w1hiz,2026-09-28 11:23:31
내 방,강남,"30,000원",3.4,https://bangdojang.com/theme/cms7sew65000r4mpcvyiwaan3,2026-09-28 11:23:31
Chapter 01 : 선택,홍대,"31,000원",1.8,https://bangdojang.com/theme/cms7sey1r03a94mpcpiq45q2c,2026-09-28 11:23:31
멸종위기종 탐사대,홍대,"26,000원",4.1,https://bangdojang.com/theme/6b13a879-c8ee-47d5-8ae7-620801a4e4bd,2026-09-28 11:23:31
화생설화 : Blooming,홍대,"27,000원",3.0,https://bangdojang.com/theme/cms7sew6d00454mpcusv488md,2026-09-28 11:23:31
퀘스천마크,홍대,"29,000원",3.4,https://bangdojang.com/theme/cms7sew6a00264mpcdv5pmxv5,2026-09-28 11:23:31
JACK IN THE SHOW,건대,"34,000원",1.7,https://bangdojang.com/theme/cms7sewk400gg4mpc7nwx56ul,2026-09-28 11:23:31
경성 연쇄실종사건,홍대,"29,000원",3.6,https://bangdojang.com/theme/cms7sew6d003j4mpcpb95v96v,2026-09-28 11:23:31
纹身(문신),홍대,"26,000원",3.1,https://bangdojang.com/theme/cms7sey3i03fs4mpc9j6xyx0w,2026-09-28 11:23:31
태초의 신부 : 이브 프로젝트,강남,"34,000원",3.8,https://bangdojang.com/theme/cms7sew69001c4mpclrluefpe,2026-09-28 11:23:31
SILENT,홍대,"32,000원",3.6,https://bangdojang.com/theme/cms7sewk400gd4mpc16aej4ai,2026-09-28 11:23:31
EP2 : 열쇠공의 이중생활,강남,"27,000원",3.6,https://bangdojang.com/theme/cms7sewk400gm4mpcr10604nq,2026-09-28 11:23:31
존재할 자격,성수,"32,000원",2.8,https://bangdojang.com/theme/cms7sew69001p4mpcuyqu0vq0,2026-09-28 11:23:31
카부트,홍대,"28,000원",2.4,https://bangdojang.com/theme/cms7sew6900234mpcovkc7p2i,2026-09-28 11:23:31
